var,est
Intercept,-0.770998308086
coveligd,1.02090313589
hourly,-0.855819403262
age,0.0228156685119
agesq,-0.000195108903617
lnfaminc,0.471262395174
