var,est
Intercept,2.833213343953307
hourly,-2.484906649684906
