var,est
Intercept,-6.6496683696063075
coveligd,1.1670449784224102
hourly,-0.772633763924771
age,0.1573151394781535
agesq,-0.0015660861721029033
lnfaminc,0.9412199905965771
