var,est
Intercept,-3.03047308962
lnfaminc,1.65718268853
