var,est
Intercept,-0.447777551983
hourly,-1.99366281711
lnfaminc,0.779505953904
