var,est
Intercept,1.34275674801
hourly,-2.08472970966
