var,est
Intercept,1.41655252867
hourly,-2.4847798982
