var,est
Intercept,-4.408499786430349
coveligd,2.2695675905224295
lnfaminc,1.0809775521713119
