var,est
Intercept,-2.20396350929
coveligd,2.26950486237
lnfaminc,1.08084616982
