var,est
Intercept,-6.061316907044629
lnfaminc,1.6572731416611073
