var,est
Intercept,2.6855773451509144
hourly,-2.084803484721885
