var,est
Intercept,-0.8967980341190316
hourly,-1.993381400771903
lnfaminc,0.7797539546719289
