var,est
Intercept,0.23675179725105688
female,-0.6148015265788869
black,0.3368291501650917
asian,-0.0957966026234923
AGE,0.0727386854070034
agesq,-0.0004395948113686541
