var,est
female,0.5250493835175535
black,0.3448871452433573
ba,-0.951473211695849
maplus,-1.5909430126765867
occ_1,-0.8849493287640865
occ_3,0.8880488309555635
occ_5,0.573412540709277
occ_7,1.2421089962240948
occ_8,1.0192195042974457
occ_9,1.6780004002598428
occ_10,1.0795264197922234
ind_5,0.33911689659348565
ind_8,-0.3029049763626599
ind_11,0.42349831624547724
ind_12,-0.618856715302219
a_age,-0.1509796147721254
agesq,0.0015092555120778477
intercept,3.443597097456818
