var,est
Intercept,2.509309173796393
female,0.38454489436880884
black,0.41493735057862485
asian,-0.00045514237482593604
AGE,-0.330725573696648
agesq,0.0039077094098446076
