var,est
Intercept,5.070149736796742
hourly,-1.296847941244846
lnlength,-1.051936442451888
