var,est
Intercept,1.2143417677850488
lnfaminc,0.7277015708840469
