var,est
Intercept,0.393853982901
hourly,-1.10633541662
age,0.0285092170623
lnfaminc,0.485351824523
lnlength,-0.890737431418
