var,est
Intercept,5.701750426481488
lnlength,-1.4606057635088068
