var,est
Intercept,-1.97746187693
lnfaminc,1.49523725306
