var,est
Intercept,-3.955897446363954
lnfaminc,1.4954853042548244
