var,est
Intercept,1.2920526321800416
hourly,-1.210179171273738
age,0.027133414828602882
lnfaminc,0.4222762406364867
lnlength,-0.9217540898471082
