var,est
Intercept,2.85072568962
lnlength,-1.46052300413
