var,est
Intercept,2.53480960063
hourly,-1.29677925539
lnlength,-1.05181227885
