var,est
Intercept,0.606069980892
lnfaminc,0.728222233185
