var,est
Intercept,-0.3946590399748773
hourly,-0.49581338784779755
age,0.012100057760749678
