var,est
Intercept,-0.197321297131
hourly,-0.49580772567
age,0.0120996942916
