var,est
Intercept,-0.690754088844
age,0.0616013731306
agesq,-0.00102723304284
female,0.437384272571
