var,est
Intercept,-1.849636608419729
age,0.08276920561928025
agesq,-0.0012489556870620788
female,0.43159917054213653
