var,est
Intercept,3.17339663867
age,-0.0954540087596
coveligd,-2.28766815316
