var,est
Intercept,6.358430551099153
age,-0.09562790790761867
coveligd,-2.290875483098329
