var,est
Intercept,1.7440111091904518
male,-0.726556384915108
ltHS,-2.069771911006938
age,0.02961537543167669
