var,est
Intercept,0.871412745743
male,-0.725674382935
ltHS,-2.07187853037
age,0.0296320430885
