var,est
Intercept,1.7440111081375251
male,-0.7265563815964388
ltHS,-2.0697719015555323
age,0.029615375396942086
