var,est
Intercept,-1.3735155832898152
male,0.6019607592775668
black,-0.782082828116048
hisp,-0.5850891977649808
coveligd,0.46821534752196275
age,0.027776118022016467
lnfaminc,0.40197597951912367
