var,est
Intercept,-1.3735155898870728
male,0.6019607591462109
black,-0.7820828292601696
hisp,-0.5850891978774041
coveligd,0.4682153482918304
age,0.027776118041290102
lnfaminc,0.401975980956517
