var,est
Intercept,-0.685991810421
male,0.600259459126
black,-0.77358779939
hisp,-0.579970678387
coveligd,0.471120227103
age,0.0277892238235
lnfaminc,0.400401401975
