var,est
Intercept,-0.688368242966
male,0.601508357986
black,-0.781189937546
hisp,-0.583678211926
coveligd,0.467594840191
age,0.0278224391535
lnfaminc,0.40231116179
