var,est
Intercept,-0.588125100007
male,0.872982958669
nevermarried,-0.871904403959
age,-0.0946675296926
lnfaminc,0.300272379478
