var,est
Intercept,-1.26587401997
hourly,0.437168176785
divorced,0.316349151701
coveligd,0.727634266655
age,0.0147551463077
lnfaminc,-0.206304972378
