var,est
Intercept,-2.5325260350652985
hourly,0.4371787637808076
divorced,0.3165309245648924
coveligd,0.7281300939413702
age,0.014760598088305881
lnfaminc,-0.20628464070092012
