var,est
Intercept,-7.8562941570968885
widowed,0.7849886336264882
age,0.15303415006394439
agesq,-0.0013250313070328824
