var,est
Intercept,-0.06054513271858969
age,-0.12087977526829075
lnfaminc,0.504570386331901
