var,est
Intercept,-1.79803459347
nochildren,-1.78340814384
separated,0.925428509499
divorced,0.724995571789
