var,est
Intercept,-3.91824666984
male,-1.00329245564
nevermarried,1.16657963649
BAplus,-0.494313648097
age,0.177066321485
agesq,-0.00164455980429
