var,est
Intercept,-3.5960708173426315
nochildren,-1.783413568445778
separated,0.9254293453815625
divorced,0.724995979756457
