var,est
Intercept,-0.02908457038
age,-0.120867198662
lnfaminc,0.503893753894
