var,est
Intercept,-9.480368507800137
male,-1.0104947984275554
nevermarried,1.1461351088917848
BAplus,-0.4839801637379609
age,0.25210554851861655
agesq,-0.002446011152701917
