var,est
Intercept,-0.06054513271858712
age,-0.1208797752682907
lnfaminc,0.5045703863319001
