var,est
Intercept,-0.00888420009555
widowed,0.000943359075844
age,-0.174743269971
agesq,0.00192270763705
