var,est
Intercept,-1.167947383554993
male,0.8728681787518782
nevermarried,-0.8850209669019796
age,-0.09473426624261766
lnfaminc,0.29905286349709104
