var,est
Intercept,-3.5960708181839904
nochildren,-1.7834135706738319
separated,0.9254293442660864
divorced,0.7249959878920726
