var,est
Intercept,-5.402113510980037
lnfaminc,1.2441356247723216
