var,est
Intercept,2.987098153842097
lnfaminc,-0.8360153132963984
