var,est
Intercept,4.140440080340975
lnfaminc,-1.207769403233477
