var,est
Intercept,4.124997244292668
lnfaminc,-1.2722216886334272
