var,est
Intercept,-2.9516450509385472
lnfaminc,0.5809768943306074
