var,est
Intercept,-3.871048529076214
lnfaminc,0.8761256447534611
